{
    "mae": 6.199530601501465,
    "mse": 64.808837890625,
    "rmse": 8.05039364817802,
    "mape": 0.12140965461730957,
    "r2_score": 0.9375673532485962
}